panel,series,code_type,n_modes,instance,sigma_physical,sigma_internal,value,value_type,value_se,nsamples
a_distances,Delta_X,GKP-LDLC,15,reduced_ldlc_gkp_n_15_1.jld2,,,1.4645733726595767,logical_distance,,
a_distances,Delta_Y,GKP-LDLC,15,reduced_ldlc_gkp_n_15_1.jld2,,,1.5253761128253063,logical_distance,,
a_distances,Delta_Z,GKP-LDLC,15,reduced_ldlc_gkp_n_15_1.jld2,,,1.4839639163063276,logical_distance,,
a_distances,Delta_X,GKP-LDLC,15,reduced_ldlc_gkp_n_15_10.jld2,,,1.3701428225548717,logical_distance,,
a_distances,Delta_Y,GKP-LDLC,15,reduced_ldlc_gkp_n_15_10.jld2,,,1.5207912508252164,logical_distance,,
a_distances,Delta_Z,GKP-LDLC,15,reduced_ldlc_gkp_n_15_10.jld2,,,1.468932346128774,logical_distance,,
a_distances,Delta_X,GKP-LDLC,15,reduced_ldlc_gkp_n_15_11.jld2,,,1.4883549090446913,logical_distance,,
a_distances,Delta_Y,GKP-LDLC,15,reduced_ldlc_gkp_n_15_11.jld2,,,1.5036508632144725,logical_distance,,
a_distances,Delta_Z,GKP-LDLC,15,reduced_ldlc_gkp_n_15_11.jld2,,,1.4984160122160097,logical_distance,,
a_distances,Delta_X,GKP-LDLC,15,reduced_ldlc_gkp_n_15_2.jld2,,,1.4667497185201335,logical_distance,,
a_distances,Delta_Y,GKP-LDLC,15,reduced_ldlc_gkp_n_15_2.jld2,,,1.4933965496721926,logical_distance,,
a_distances,Delta_Z,GKP-LDLC,15,reduced_ldlc_gkp_n_15_2.jld2,,,1.492836603622812,logical_distance,,
a_distances,Delta_X,GKP-LDLC,15,reduced_ldlc_gkp_n_15_3.jld2,,,1.400834799405865,logical_distance,,
a_distances,Delta_Y,GKP-LDLC,15,reduced_ldlc_gkp_n_15_3.jld2,,,1.57564963005911,logical_distance,,
a_distances,Delta_Z,GKP-LDLC,15,reduced_ldlc_gkp_n_15_3.jld2,,,1.5532383360041149,logical_distance,,
a_distances,Delta_X,GKP-LDLC,15,reduced_ldlc_gkp_n_15_4.jld2,,,1.4131418221180716,logical_distance,,
a_distances,Delta_Y,GKP-LDLC,15,reduced_ldlc_gkp_n_15_4.jld2,,,1.5646747013504085,logical_distance,,
a_distances,Delta_Z,GKP-LDLC,15,reduced_ldlc_gkp_n_15_4.jld2,,,1.4864179050237172,logical_distance,,
a_distances,Delta_X,GKP-LDLC,15,reduced_ldlc_gkp_n_15_5.jld2,,,1.5089351339359263,logical_distance,,
a_distances,Delta_Y,GKP-LDLC,15,reduced_ldlc_gkp_n_15_5.jld2,,,1.5772271902581723,logical_distance,,
a_distances,Delta_Z,GKP-LDLC,15,reduced_ldlc_gkp_n_15_5.jld2,,,1.526684860777905,logical_distance,,
a_distances,Delta_X,GKP-LDLC,15,reduced_ldlc_gkp_n_15_6.jld2,,,1.398353611920246,logical_distance,,
a_distances,Delta_Y,GKP-LDLC,15,reduced_ldlc_gkp_n_15_6.jld2,,,1.56169395535697,logical_distance,,
a_distances,Delta_Z,GKP-LDLC,15,reduced_ldlc_gkp_n_15_6.jld2,,,1.4394884255866096,logical_distance,,
a_distances,Delta_X,GKP-LDLC,15,reduced_ldlc_gkp_n_15_8.jld2,,,1.4917514442689237,logical_distance,,
a_distances,Delta_Y,GKP-LDLC,15,reduced_ldlc_gkp_n_15_8.jld2,,,1.5253661265551628,logical_distance,,
a_distances,Delta_Z,GKP-LDLC,15,reduced_ldlc_gkp_n_15_8.jld2,,,1.5110830965530873,logical_distance,,
a_distances,Delta_X,GKP-LDLC,15,reduced_ldlc_gkp_n_15_9.jld2,,,1.3540864481256885,logical_distance,,
a_distances,Delta_Y,GKP-LDLC,15,reduced_ldlc_gkp_n_15_9.jld2,,,1.4865528846117548,logical_distance,,
a_distances,Delta_Z,GKP-LDLC,15,reduced_ldlc_gkp_n_15_9.jld2,,,1.4513734174828592,logical_distance,,
a_distances,Delta_X,GKP-LDLC,16,reduced_ldlc_gkp_n_16_1.jld2,,,1.4444187285579353,logical_distance,,
a_distances,Delta_Y,GKP-LDLC,16,reduced_ldlc_gkp_n_16_1.jld2,,,1.6162522429201833,logical_distance,,
a_distances,Delta_Z,GKP-LDLC,16,reduced_ldlc_gkp_n_16_1.jld2,,,1.5294429511944885,logical_distance,,
a_distances,Delta_X,GKP-LDLC,16,reduced_ldlc_gkp_n_16_10.jld2,,,1.5086633304054742,logical_distance,,
a_distances,Delta_Y,GKP-LDLC,16,reduced_ldlc_gkp_n_16_10.jld2,,,1.5920430038001812,logical_distance,,
a_distances,Delta_Z,GKP-LDLC,16,reduced_ldlc_gkp_n_16_10.jld2,,,1.5743862370491088,logical_distance,,
a_distances,Delta_X,GKP-LDLC,16,reduced_ldlc_gkp_n_16_11.jld2,,,1.4690187345328907,logical_distance,,
a_distances,Delta_Y,GKP-LDLC,16,reduced_ldlc_gkp_n_16_11.jld2,,,1.4738817335451229,logical_distance,,
a_distances,Delta_Z,GKP-LDLC,16,reduced_ldlc_gkp_n_16_11.jld2,,,1.4704167714295802,logical_distance,,
a_distances,Delta_X,GKP-LDLC,16,reduced_ldlc_gkp_n_16_14.jld2,,,1.3753229170743524,logical_distance,,
a_distances,Delta_Y,GKP-LDLC,16,reduced_ldlc_gkp_n_16_14.jld2,,,1.5549727348499889,logical_distance,,
a_distances,Delta_Z,GKP-LDLC,16,reduced_ldlc_gkp_n_16_14.jld2,,,1.393333689965626,logical_distance,,
a_distances,Delta_X,GKP-LDLC,16,reduced_ldlc_gkp_n_16_2.jld2,,,1.4202977502589669,logical_distance,,
a_distances,Delta_Y,GKP-LDLC,16,reduced_ldlc_gkp_n_16_2.jld2,,,1.5254786700598506,logical_distance,,
a_distances,Delta_Z,GKP-LDLC,16,reduced_ldlc_gkp_n_16_2.jld2,,,1.4749480828634263,logical_distance,,
a_distances,Delta_X,GKP-LDLC,16,reduced_ldlc_gkp_n_16_4.jld2,,,1.415183388152946,logical_distance,,
a_distances,Delta_Y,GKP-LDLC,16,reduced_ldlc_gkp_n_16_4.jld2,,,1.5555859288803349,logical_distance,,
a_distances,Delta_Z,GKP-LDLC,16,reduced_ldlc_gkp_n_16_4.jld2,,,1.5267517345182973,logical_distance,,
a_distances,Delta_X,GKP-LDLC,16,reduced_ldlc_gkp_n_16_5.jld2,,,1.4044615881323477,logical_distance,,
a_distances,Delta_Y,GKP-LDLC,16,reduced_ldlc_gkp_n_16_5.jld2,,,1.5730599403789833,logical_distance,,
a_distances,Delta_Z,GKP-LDLC,16,reduced_ldlc_gkp_n_16_5.jld2,,,1.5641269808405756,logical_distance,,
a_distances,Delta_X,GKP-LDLC,16,reduced_ldlc_gkp_n_16_7.jld2,,,1.438874875012462,logical_distance,,
a_distances,Delta_Y,GKP-LDLC,16,reduced_ldlc_gkp_n_16_7.jld2,,,1.5559115584382919,logical_distance,,
a_distances,Delta_Z,GKP-LDLC,16,reduced_ldlc_gkp_n_16_7.jld2,,,1.508060777489337,logical_distance,,
a_distances,Delta_X,GKP-LDLC,16,reduced_ldlc_gkp_n_16_8.jld2,,,1.5333292159027336,logical_distance,,
a_distances,Delta_Y,GKP-LDLC,16,reduced_ldlc_gkp_n_16_8.jld2,,,1.5418136754059328,logical_distance,,
a_distances,Delta_Z,GKP-LDLC,16,reduced_ldlc_gkp_n_16_8.jld2,,,1.5357885313737643,logical_distance,,
a_distances,Delta_X,GKP-LDLC,16,reduced_ldlc_gkp_n_16_9.jld2,,,1.4633838221718893,logical_distance,,
a_distances,Delta_Y,GKP-LDLC,16,reduced_ldlc_gkp_n_16_9.jld2,,,1.5133326297438432,logical_distance,,
a_distances,Delta_Z,GKP-LDLC,16,reduced_ldlc_gkp_n_16_9.jld2,,,1.5014447089548557,logical_distance,,
a_distances,Delta_X,GKP-LDLC,17,reduced_ldlc_gkp_n_17_1.jld2,,,1.554260991665342,logical_distance,,
a_distances,Delta_Y,GKP-LDLC,17,reduced_ldlc_gkp_n_17_1.jld2,,,1.65595006189592,logical_distance,,
a_distances,Delta_Z,GKP-LDLC,17,reduced_ldlc_gkp_n_17_1.jld2,,,1.5953495861577351,logical_distance,,
a_distances,Delta_X,GKP-LDLC,17,reduced_ldlc_gkp_n_17_11.jld2,,,1.5225946251295974,logical_distance,,
a_distances,Delta_Y,GKP-LDLC,17,reduced_ldlc_gkp_n_17_11.jld2,,,1.570524653306918,logical_distance,,
a_distances,Delta_Z,GKP-LDLC,17,reduced_ldlc_gkp_n_17_11.jld2,,,1.552791242995944,logical_distance,,
a_distances,Delta_X,GKP-LDLC,17,reduced_ldlc_gkp_n_17_12.jld2,,,1.4867446899349022,logical_distance,,
a_distances,Delta_Y,GKP-LDLC,17,reduced_ldlc_gkp_n_17_12.jld2,,,1.6169212108207143,logical_distance,,
a_distances,Delta_Z,GKP-LDLC,17,reduced_ldlc_gkp_n_17_12.jld2,,,1.5172269464459451,logical_distance,,
a_distances,Delta_X,GKP-LDLC,17,reduced_ldlc_gkp_n_17_15.jld2,,,1.5571796187210116,logical_distance,,
a_distances,Delta_Y,GKP-LDLC,17,reduced_ldlc_gkp_n_17_15.jld2,,,1.6526723195833581,logical_distance,,
a_distances,Delta_Z,GKP-LDLC,17,reduced_ldlc_gkp_n_17_15.jld2,,,1.5630547810824267,logical_distance,,
a_distances,Delta_X,GKP-LDLC,17,reduced_ldlc_gkp_n_17_16.jld2,,,1.5541319660084312,logical_distance,,
a_distances,Delta_Y,GKP-LDLC,17,reduced_ldlc_gkp_n_17_16.jld2,,,1.5968228134892242,logical_distance,,
a_distances,Delta_Z,GKP-LDLC,17,reduced_ldlc_gkp_n_17_16.jld2,,,1.5654619187182974,logical_distance,,
a_distances,Delta_X,GKP-LDLC,17,reduced_ldlc_gkp_n_17_2.jld2,,,1.4525350407975661,logical_distance,,
a_distances,Delta_Y,GKP-LDLC,17,reduced_ldlc_gkp_n_17_2.jld2,,,1.6156452947866535,logical_distance,,
a_distances,Delta_Z,GKP-LDLC,17,reduced_ldlc_gkp_n_17_2.jld2,,,1.4973666188973345,logical_distance,,
a_distances,Delta_X,GKP-LDLC,17,reduced_ldlc_gkp_n_17_3.jld2,,,1.4809833780972088,logical_distance,,
a_distances,Delta_Y,GKP-LDLC,17,reduced_ldlc_gkp_n_17_3.jld2,,,1.6018658908207386,logical_distance,,
a_distances,Delta_Z,GKP-LDLC,17,reduced_ldlc_gkp_n_17_3.jld2,,,1.6006724410404296,logical_distance,,
a_distances,Delta_X,GKP-LDLC,17,reduced_ldlc_gkp_n_17_4.jld2,,,1.5094486484482001,logical_distance,,
a_distances,Delta_Y,GKP-LDLC,17,reduced_ldlc_gkp_n_17_4.jld2,,,1.5757399836442898,logical_distance,,
a_distances,Delta_Z,GKP-LDLC,17,reduced_ldlc_gkp_n_17_4.jld2,,,1.5697861860090625,logical_distance,,
a_distances,Delta_X,GKP-LDLC,17,reduced_ldlc_gkp_n_17_5.jld2,,,1.5389949398033598,logical_distance,,
a_distances,Delta_Y,GKP-LDLC,17,reduced_ldlc_gkp_n_17_5.jld2,,,1.6180864791331668,logical_distance,,
a_distances,Delta_Z,GKP-LDLC,17,reduced_ldlc_gkp_n_17_5.jld2,,,1.5947072337877477,logical_distance,,
a_distances,Delta_X,GKP-LDLC,17,reduced_ldlc_gkp_n_17_8.jld2,,,1.5333966218132187,logical_distance,,
a_distances,Delta_Y,GKP-LDLC,17,reduced_ldlc_gkp_n_17_8.jld2,,,1.5970244662776718,logical_distance,,
a_distances,Delta_Z,GKP-LDLC,17,reduced_ldlc_gkp_n_17_8.jld2,,,1.550247293865512,logical_distance,,
a_distances,Delta_X,GKP-LDLC,18,reduced_ldlc_gkp_n_18_1.jld2,,,1.5812917991841013,logical_distance,,
a_distances,Delta_Y,GKP-LDLC,18,reduced_ldlc_gkp_n_18_1.jld2,,,1.6062368052301659,logical_distance,,
a_distances,Delta_Z,GKP-LDLC,18,reduced_ldlc_gkp_n_18_1.jld2,,,1.5842628447905616,logical_distance,,
a_distances,Delta_X,GKP-LDLC,18,reduced_ldlc_gkp_n_18_10.jld2,,,1.5670172513385783,logical_distance,,
a_distances,Delta_Y,GKP-LDLC,18,reduced_ldlc_gkp_n_18_10.jld2,,,1.637015310917429,logical_distance,,
a_distances,Delta_Z,GKP-LDLC,18,reduced_ldlc_gkp_n_18_10.jld2,,,1.6266449563429473,logical_distance,,
a_distances,Delta_X,GKP-LDLC,18,reduced_ldlc_gkp_n_18_11.jld2,,,1.5656949150827517,logical_distance,,
a_distances,Delta_Y,GKP-LDLC,18,reduced_ldlc_gkp_n_18_11.jld2,,,1.649172998984482,logical_distance,,
a_distances,Delta_Z,GKP-LDLC,18,reduced_ldlc_gkp_n_18_11.jld2,,,1.6259381045142078,logical_distance,,
a_distances,Delta_X,GKP-LDLC,18,reduced_ldlc_gkp_n_18_12.jld2,,,1.5853651981262404,logical_distance,,
a_distances,Delta_Y,GKP-LDLC,18,reduced_ldlc_gkp_n_18_12.jld2,,,1.6687778146223695,logical_distance,,
a_distances,Delta_Z,GKP-LDLC,18,reduced_ldlc_gkp_n_18_12.jld2,,,1.5915342735703988,logical_distance,,
a_distances,Delta_X,GKP-LDLC,18,reduced_ldlc_gkp_n_18_13.jld2,,,1.5871543911876231,logical_distance,,
a_distances,Delta_Y,GKP-LDLC,18,reduced_ldlc_gkp_n_18_13.jld2,,,1.6665801429180467,logical_distance,,
a_distances,Delta_Z,GKP-LDLC,18,reduced_ldlc_gkp_n_18_13.jld2,,,1.5940052226499661,logical_distance,,
a_distances,Delta_X,GKP-LDLC,18,reduced_ldlc_gkp_n_18_15.jld2,,,1.5212527328165317,logical_distance,,
a_distances,Delta_Y,GKP-LDLC,18,reduced_ldlc_gkp_n_18_15.jld2,,,1.639719090331408,logical_distance,,
a_distances,Delta_Z,GKP-LDLC,18,reduced_ldlc_gkp_n_18_15.jld2,,,1.6279058136612943,logical_distance,,
a_distances,Delta_X,GKP-LDLC,18,reduced_ldlc_gkp_n_18_2.jld2,,,1.565456248413473,logical_distance,,
a_distances,Delta_Y,GKP-LDLC,18,reduced_ldlc_gkp_n_18_2.jld2,,,1.6203644161968784,logical_distance,,
a_distances,Delta_Z,GKP-LDLC,18,reduced_ldlc_gkp_n_18_2.jld2,,,1.6056214639194433,logical_distance,,
a_distances,Delta_X,GKP-LDLC,18,reduced_ldlc_gkp_n_18_3.jld2,,,1.5480744040463772,logical_distance,,
a_distances,Delta_Y,GKP-LDLC,18,reduced_ldlc_gkp_n_18_3.jld2,,,1.630962559912022,logical_distance,,
a_distances,Delta_Z,GKP-LDLC,18,reduced_ldlc_gkp_n_18_3.jld2,,,1.6194659447680053,logical_distance,,
a_distances,Delta_X,GKP-LDLC,18,reduced_ldlc_gkp_n_18_4.jld2,,,1.550349123140025,logical_distance,,
a_distances,Delta_Y,GKP-LDLC,18,reduced_ldlc_gkp_n_18_4.jld2,,,1.6286945059820437,logical_distance,,
a_distances,Delta_Z,GKP-LDLC,18,reduced_ldlc_gkp_n_18_4.jld2,,,1.588079956318806,logical_distance,,
a_distances,Delta_X,GKP-LDLC,18,reduced_ldlc_gkp_n_18_5.jld2,,,1.5790915850526503,logical_distance,,
a_distances,Delta_Y,GKP-LDLC,18,reduced_ldlc_gkp_n_18_5.jld2,,,1.628081476015949,logical_distance,,
a_distances,Delta_Z,GKP-LDLC,18,reduced_ldlc_gkp_n_18_5.jld2,,,1.6027209120029535,logical_distance,,
a_distances,Delta_X,GKP-LDLC,19,reduced_ldlc_gkp_n_19_1.jld2,,,1.6630742014596642,logical_distance,,
a_distances,Delta_Y,GKP-LDLC,19,reduced_ldlc_gkp_n_19_1.jld2,,,1.7219388810900695,logical_distance,,
a_distances,Delta_Z,GKP-LDLC,19,reduced_ldlc_gkp_n_19_1.jld2,,,1.690257850490474,logical_distance,,
a_distances,Delta_X,GKP-LDLC,19,reduced_ldlc_gkp_n_19_10.jld2,,,1.6300164854911587,logical_distance,,
a_distances,Delta_Y,GKP-LDLC,19,reduced_ldlc_gkp_n_19_10.jld2,,,1.6730948833846913,logical_distance,,
a_distances,Delta_Z,GKP-LDLC,19,reduced_ldlc_gkp_n_19_10.jld2,,,1.6702715127954544,logical_distance,,
a_distances,Delta_X,GKP-LDLC,19,reduced_ldlc_gkp_n_19_11.jld2,,,1.6223830921066122,logical_distance,,
a_distances,Delta_Y,GKP-LDLC,19,reduced_ldlc_gkp_n_19_11.jld2,,,1.6658871278362544,logical_distance,,
a_distances,Delta_Z,GKP-LDLC,19,reduced_ldlc_gkp_n_19_11.jld2,,,1.6611427159322598,logical_distance,,
a_distances,Delta_X,GKP-LDLC,19,reduced_ldlc_gkp_n_19_12.jld2,,,1.5675941921949015,logical_distance,,
a_distances,Delta_Y,GKP-LDLC,19,reduced_ldlc_gkp_n_19_12.jld2,,,1.6152510982241453,logical_distance,,
a_distances,Delta_Z,GKP-LDLC,19,reduced_ldlc_gkp_n_19_12.jld2,,,1.586212699999359,logical_distance,,
a_distances,Delta_X,GKP-LDLC,19,reduced_ldlc_gkp_n_19_13.jld2,,,1.5364750505352636,logical_distance,,
a_distances,Delta_Y,GKP-LDLC,19,reduced_ldlc_gkp_n_19_13.jld2,,,1.6792631632920505,logical_distance,,
a_distances,Delta_Z,GKP-LDLC,19,reduced_ldlc_gkp_n_19_13.jld2,,,1.639118128936758,logical_distance,,
a_distances,Delta_X,GKP-LDLC,19,reduced_ldlc_gkp_n_19_3.jld2,,,1.5716910332083405,logical_distance,,
a_distances,Delta_Y,GKP-LDLC,19,reduced_ldlc_gkp_n_19_3.jld2,,,1.6612638134804925,logical_distance,,
a_distances,Delta_Z,GKP-LDLC,19,reduced_ldlc_gkp_n_19_3.jld2,,,1.630122315266163,logical_distance,,
a_distances,Delta_X,GKP-LDLC,19,reduced_ldlc_gkp_n_19_4.jld2,,,1.579502688202957,logical_distance,,
a_distances,Delta_Y,GKP-LDLC,19,reduced_ldlc_gkp_n_19_4.jld2,,,1.6721284438820356,logical_distance,,
a_distances,Delta_Z,GKP-LDLC,19,reduced_ldlc_gkp_n_19_4.jld2,,,1.669646856768356,logical_distance,,
a_distances,Delta_X,GKP-LDLC,19,reduced_ldlc_gkp_n_19_5.jld2,,,1.5460830375219108,logical_distance,,
a_distances,Delta_Y,GKP-LDLC,19,reduced_ldlc_gkp_n_19_5.jld2,,,1.6739123578029254,logical_distance,,
a_distances,Delta_Z,GKP-LDLC,19,reduced_ldlc_gkp_n_19_5.jld2,,,1.6249107748715705,logical_distance,,
a_distances,Delta_X,GKP-LDLC,19,reduced_ldlc_gkp_n_19_7.jld2,,,1.5393272972773913,logical_distance,,
a_distances,Delta_Y,GKP-LDLC,19,reduced_ldlc_gkp_n_19_7.jld2,,,1.6721667280106833,logical_distance,,
a_distances,Delta_Z,GKP-LDLC,19,reduced_ldlc_gkp_n_19_7.jld2,,,1.6311808727381678,logical_distance,,
a_distances,Delta_X,GKP-LDLC,19,reduced_ldlc_gkp_n_19_8.jld2,,,1.6226442567658619,logical_distance,,
a_distances,Delta_Y,GKP-LDLC,19,reduced_ldlc_gkp_n_19_8.jld2,,,1.6293511886915595,logical_distance,,
a_distances,Delta_Z,GKP-LDLC,19,reduced_ldlc_gkp_n_19_8.jld2,,,1.6272604965803117,logical_distance,,
a_distances,Delta_X,GKP-LDLC,20,reduced_ldlc_gkp_n_20_1.jld2,,,1.6551666687123832,logical_distance,,
a_distances,Delta_Y,GKP-LDLC,20,reduced_ldlc_gkp_n_20_1.jld2,,,1.7126631394078335,logical_distance,,
a_distances,Delta_Z,GKP-LDLC,20,reduced_ldlc_gkp_n_20_1.jld2,,,1.701765051544461,logical_distance,,
a_distances,Delta_X,GKP-LDLC,20,reduced_ldlc_gkp_n_20_10.jld2,,,1.6617327068648269,logical_distance,,
a_distances,Delta_Y,GKP-LDLC,20,reduced_ldlc_gkp_n_20_10.jld2,,,1.7386993635707184,logical_distance,,
a_distances,Delta_Z,GKP-LDLC,20,reduced_ldlc_gkp_n_20_10.jld2,,,1.6954607657577174,logical_distance,,
a_distances,Delta_X,GKP-LDLC,20,reduced_ldlc_gkp_n_20_11.jld2,,,1.577180996189657,logical_distance,,
a_distances,Delta_Y,GKP-LDLC,20,reduced_ldlc_gkp_n_20_11.jld2,,,1.6660672111095551,logical_distance,,
a_distances,Delta_Z,GKP-LDLC,20,reduced_ldlc_gkp_n_20_11.jld2,,,1.6345064347575813,logical_distance,,
a_distances,Delta_X,GKP-LDLC,20,reduced_ldlc_gkp_n_20_12.jld2,,,1.6017295177230153,logical_distance,,
a_distances,Delta_Y,GKP-LDLC,20,reduced_ldlc_gkp_n_20_12.jld2,,,1.7024192848919255,logical_distance,,
a_distances,Delta_Z,GKP-LDLC,20,reduced_ldlc_gkp_n_20_12.jld2,,,1.6475228280604846,logical_distance,,
a_distances,Delta_X,GKP-LDLC,20,reduced_ldlc_gkp_n_20_13.jld2,,,1.628967421447552,logical_distance,,
a_distances,Delta_Y,GKP-LDLC,20,reduced_ldlc_gkp_n_20_13.jld2,,,1.7140565913535895,logical_distance,,
a_distances,Delta_Z,GKP-LDLC,20,reduced_ldlc_gkp_n_20_13.jld2,,,1.6769440106802762,logical_distance,,
a_distances,Delta_X,GKP-LDLC,20,reduced_ldlc_gkp_n_20_2.jld2,,,1.5897940726645443,logical_distance,,
a_distances,Delta_Y,GKP-LDLC,20,reduced_ldlc_gkp_n_20_2.jld2,,,1.6957613826885993,logical_distance,,
a_distances,Delta_Z,GKP-LDLC,20,reduced_ldlc_gkp_n_20_2.jld2,,,1.6881549289357631,logical_distance,,
a_distances,Delta_X,GKP-LDLC,20,reduced_ldlc_gkp_n_20_3.jld2,,,1.6683303540404182,logical_distance,,
a_distances,Delta_Y,GKP-LDLC,20,reduced_ldlc_gkp_n_20_3.jld2,,,1.7192225765421487,logical_distance,,
a_distances,Delta_Z,GKP-LDLC,20,reduced_ldlc_gkp_n_20_3.jld2,,,1.6848277086692174,logical_distance,,
a_distances,Delta_X,GKP-LDLC,20,reduced_ldlc_gkp_n_20_4.jld2,,,1.652774320650104,logical_distance,,
a_distances,Delta_Y,GKP-LDLC,20,reduced_ldlc_gkp_n_20_4.jld2,,,1.6996920890397287,logical_distance,,
a_distances,Delta_Z,GKP-LDLC,20,reduced_ldlc_gkp_n_20_4.jld2,,,1.6790882246681293,logical_distance,,
a_distances,Delta_X,GKP-LDLC,20,reduced_ldlc_gkp_n_20_5.jld2,,,1.630893396691022,logical_distance,,
a_distances,Delta_Y,GKP-LDLC,20,reduced_ldlc_gkp_n_20_5.jld2,,,1.6731551341693105,logical_distance,,
a_distances,Delta_Z,GKP-LDLC,20,reduced_ldlc_gkp_n_20_5.jld2,,,1.645504131206884,logical_distance,,
a_distances,Delta_X,GKP-LDLC,20,reduced_ldlc_gkp_n_20_7.jld2,,,1.6481647929960057,logical_distance,,
a_distances,Delta_Y,GKP-LDLC,20,reduced_ldlc_gkp_n_20_7.jld2,,,1.7014593309256483,logical_distance,,
a_distances,Delta_Z,GKP-LDLC,20,reduced_ldlc_gkp_n_20_7.jld2,,,1.6652961451488193,logical_distance,,
a_reference_line,Sq-SC_d3_n9,surface-square,9,,,,1.224744871391589,reference_distance,,
a_reference_line,Sq-SC_d5_n25,surface-square,25,,,,1.5811388300841898,reference_distance,,
a_reference_line,Hex-SC_d3_n9,surface-hex,9,,,,1.3160740129524924,reference_distance,,
a_reference_line,Hex-SC_d5_n25,surface-hex,25,,,,1.6990442448471226,reference_distance,,
b_error_probability,LDLC_n15,GKP-LDLC,15,,0.45119308943358005,0.18,0.002644822,logical_error_probability,0.0002484746,42725
b_error_probability,LDLC_n15,GKP-LDLC,15,,0.47625937217989006,0.19,0.009346844,logical_error_probability,0.0005098045,35627
b_error_probability,LDLC_n15,GKP-LDLC,15,,0.5013256549262001,0.2,0.02493791,logical_error_probability,0.0009158136,28992
b_error_probability,LDLC_n15,GKP-LDLC,15,,0.52639193767251,0.21,0.05634814,logical_error_probability,0.001595502,20888
b_error_probability,LDLC_n15,GKP-LDLC,15,,0.5514582204188201,0.22,0.1116485,logical_error_probability,0.002389772,17367
b_error_probability,LDLC_n15,GKP-LDLC,15,,0.57652450316513,0.23,0.1709989,logical_error_probability,0.003510497,11503
b_error_probability,LDLC_n15,GKP-LDLC,15,,0.60159078591144,0.24,0.2480721,logical_error_probability,0.004501093,9207
b_error_probability,LDLC_n15,GKP-LDLC,15,,0.6266570686577501,0.25,0.3389743,logical_error_probability,0.005380146,7741
b_error_probability,surface_3x5_n15,surface-hex,15,,0.45119308943358005,0.18,0.01706667,logical_error_probability,0.0005287626,60000
b_error_probability,surface_3x5_n15,surface-hex,15,,0.47625937217989006,0.19,0.03342492,logical_error_probability,0.0007642224,55318
b_error_probability,surface_3x5_n15,surface-hex,15,,0.5013256549262001,0.2,0.063875,logical_error_probability,0.00273393,8000
b_error_probability,surface_3x5_n15,surface-hex,15,,0.52639193767251,0.21,0.09576087,logical_error_probability,0.003067904,9200
b_error_probability,surface_3x5_n15,surface-hex,15,,0.5514582204188201,0.22,0.156375,logical_error_probability,0.004060817,8000
b_error_probability,surface_3x5_n15,surface-hex,15,,0.57652450316513,0.23,0.208625,logical_error_probability,0.00454286,8000
b_error_probability,surface_3x5_n15,surface-hex,15,,0.60159078591144,0.24,0.2812053,logical_error_probability,0.00490657,8396
b_error_probability,surface_3x5_n15,surface-hex,15,,0.6266570686577501,0.25,0.3527702,logical_error_probability,0.006248439,5848
b_error_probability,LDLC_n16,GKP-LDLC,16,,0.45119308943358005,0.18,0.002727511,logical_error_probability,0.0003777216,19065
b_error_probability,LDLC_n16,GKP-LDLC,16,,0.47625937217989006,0.19,0.008624279,logical_error_probability,0.0007131123,16813
b_error_probability,LDLC_n16,GKP-LDLC,16,,0.5013256549262001,0.2,0.02448514,logical_error_probability,0.001265823,14907
b_error_probability,LDLC_n16,GKP-LDLC,16,,0.52639193767251,0.21,0.05380909,logical_error_probability,0.002416899,8716
b_error_probability,LDLC_n16,GKP-LDLC,16,,0.5514582204188201,0.22,0.1064479,logical_error_probability,0.003478039,7863
b_error_probability,LDLC_n16,GKP-LDLC,16,,0.57652450316513,0.23,0.1705483,logical_error_probability,0.005858214,4122
b_error_probability,LDLC_n16,GKP-LDLC,16,,0.60159078591144,0.24,0.2495499,logical_error_probability,0.008212051,2777
b_error_probability,LDLC_n16,GKP-LDLC,16,,0.6266570686577501,0.25,0.3437761,logical_error_probability,0.009707375,2394
b_error_probability,surface_4x4_n16,surface-hex,16,,0.45119308943358005,0.18,0.008646372,logical_error_probability,0.0003830915,58406
b_error_probability,surface_4x4_n16,surface-hex,16,,0.47625937217989006,0.19,0.02102118,logical_error_probability,0.0007344403,38152
b_error_probability,surface_4x4_n16,surface-hex,16,,0.5013256549262001,0.2,0.04925,logical_error_probability,0.002419309,8000
b_error_probability,surface_4x4_n16,surface-hex,16,,0.52639193767251,0.21,0.08097826,logical_error_probability,0.002844155,9200
b_error_probability,surface_4x4_n16,surface-hex,16,,0.5514582204188201,0.22,0.1375829,logical_error_probability,0.004228513,6636
b_error_probability,surface_4x4_n16,surface-hex,16,,0.57652450316513,0.23,0.198008,logical_error_probability,0.005624378,5020
b_error_probability,surface_4x4_n16,surface-hex,16,,0.60159078591144,0.24,0.2697591,logical_error_probability,0.006262382,5023
b_error_probability,surface_4x4_n16,surface-hex,16,,0.6266570686577501,0.25,0.3435707,logical_error_probability,0.008724413,2963
b_error_probability,LDLC_n17,GKP-LDLC,17,,0.45119308943358005,0.18,0.0015625,logical_error_probability,0.0002144581,33920
b_error_probability,LDLC_n17,GKP-LDLC,17,,0.47625937217989006,0.19,0.007420432,logical_error_probability,0.0004685028,33556
b_error_probability,LDLC_n17,GKP-LDLC,17,,0.5013256549262001,0.2,0.0194329,logical_error_probability,0.001526082,8182
b_error_probability,LDLC_n17,GKP-LDLC,17,,0.52639193767251,0.21,0.0509434,logical_error_probability,0.002757157,6360
b_error_probability,LDLC_n17,GKP-LDLC,17,,0.5514582204188201,0.22,0.09141661,logical_error_probability,0.00439553,4299
b_error_probability,LDLC_n17,GKP-LDLC,17,,0.57652450316513,0.23,0.1686359,logical_error_probability,0.01227145,931
b_error_probability,LDLC_n17,GKP-LDLC,17,,0.60159078591144,0.24,0.2580867,logical_error_probability,0.0114796,1453
b_error_probability,LDLC_n17,GKP-LDLC,17,,0.6266570686577501,0.25,0.3429952,logical_error_probability,0.03299462,207
b_error_probability,surface_5x5_n25,surface-hex,25,,0.45119308943358005,0.18,0.00408089,logical_error_probability,0.0003250252,38472
b_error_probability,surface_5x5_n25,surface-hex,25,,0.47625937217989006,0.19,0.01145405,logical_error_probability,0.0006597043,26017
b_error_probability,surface_5x5_n25,surface-hex,25,,0.5013256549262001,0.2,0.02872854,logical_error_probability,0.001251264,17822
b_error_probability,surface_5x5_n25,surface-hex,25,,0.52639193767251,0.21,0.06110001,logical_error_probability,0.002456195,9509
b_error_probability,surface_5x5_n25,surface-hex,25,,0.5514582204188201,0.22,0.1110801,logical_error_probability,0.003714359,7157
b_error_probability,surface_5x5_n25,surface-hex,25,,0.57652450316513,0.23,0.1910041,logical_error_probability,0.00699612,3157
b_error_probability,surface_5x5_n25,surface-hex,25,,0.60159078591144,0.24,0.257384,logical_error_probability,0.01159373,1422
b_error_probability,surface_5x5_n25,surface-hex,25,,0.6266570686577501,0.25,0.3503717,logical_error_probability,0.01454423,1076
