code,lattice,n,dX,dZ,dY,sigma,P_single,P_single_se,P_L,P_L_se,P_L_union,P_X,P_Y,P_Z,cvp_per_s,nsamples
reduced_ldlc_gkp_n_15_5.jld2,ldlc,15,1.508935,1.526685,1.577227,0.2000,9.662666e-01,1.060327e-03,2.493791e-02,9.158136e-04,2.019480e-04,8.312638e-03,7.657285e-03,8.967991e-03,19.4,28992
reduced_ldlc_gkp_n_16_8.jld2,ldlc,16,1.533329,1.535789,1.541814,0.2000,9.685383e-01,1.429732e-03,2.448514e-02,1.265823e-03,1.843989e-04,8.049909e-03,8.116992e-03,8.318240e-03,4.7,14907
reduced_ldlc_gkp_n_17_15.jld2,ldlc,17,1.557180,1.563055,1.652672,0.2000,9.739672e-01,1.760364e-03,1.943290e-02,1.526082e-03,1.170390e-04,7.822048e-03,5.866536e-03,5.744317e-03,1.1,8182
SC_3x5,hexagonal,15,1.316074,1.699044,1.699044,0.2000,8.520000e-01,3.970139e-03,6.387500e-02,2.733930e-03,1.012018e-03,5.300000e-02,2.625000e-03,8.250000e-03,367.6,8000
SC_4x4,hexagonal,16,1.519671,1.519671,1.519671,0.2000,8.541250e-01,3.946446e-03,4.925000e-02,2.419309e-03,2.177648e-04,2.512500e-02,3.000000e-03,2.112500e-02,245.1,8000
SC_5x5,hexagonal,25,1.699044,1.699044,1.699044,0.2000,8.340815e-01,2.786592e-03,2.872854e-02,1.251264e-03,3.240938e-05,1.430816e-02,1.402761e-03,1.301762e-02,7.5,17822
reduced_ldlc_gkp_n_15_5.jld2,ldlc,15,1.508935,1.526685,1.577227,0.2100,9.256511e-01,1.815150e-03,5.634814e-02,1.595502e-03,4.138319e-04,1.857526e-02,1.833589e-02,1.943700e-02,16.1,20888
reduced_ldlc_gkp_n_16_8.jld2,ldlc,16,1.533329,1.535789,1.541814,0.2100,9.271455e-01,2.783836e-03,5.380909e-02,2.416899e-03,3.822500e-04,1.720973e-02,1.904543e-02,1.755392e-02,3.6,8716
reduced_ldlc_gkp_n_17_15.jld2,ldlc,17,1.557180,1.563055,1.652672,0.2100,9.341195e-01,3.110650e-03,5.094340e-02,2.757157e-03,2.508669e-04,1.650943e-02,1.855346e-02,1.588050e-02,1.0,6360
SC_3x5,hexagonal,15,1.316074,1.699044,1.699044,0.2100,7.772826e-01,4.337831e-03,9.576087e-02,3.067904e-03,1.753416e-03,7.652174e-02,6.304348e-03,1.293478e-02,317.6,9200
SC_4x4,hexagonal,16,1.519671,1.519671,1.519671,0.2100,7.839130e-01,4.290958e-03,8.097826e-02,2.844155e-03,4.448767e-04,3.326087e-02,7.173913e-03,4.054348e-02,188.3,9200
SC_5x5,hexagonal,25,1.699044,1.699044,1.699044,0.2100,7.407719e-01,4.493822e-03,6.110001e-02,2.456195e-03,7.836972e-05,2.881481e-02,4.101378e-03,2.818383e-02,4.7,9509
reduced_ldlc_gkp_n_15_5.jld2,ldlc,15,1.508935,1.526685,1.577227,0.2200,8.532850e-01,2.684862e-03,1.116485e-01,2.389772e-03,7.737147e-04,3.823343e-02,3.506651e-02,3.834859e-02,13.1,17367
reduced_ldlc_gkp_n_16_8.jld2,ldlc,16,1.533329,1.535789,1.541814,0.2200,8.562889e-01,3.956044e-03,1.064479e-01,3.478039e-03,7.214908e-04,3.611853e-02,3.675442e-02,3.357497e-02,3.2,7863
reduced_ldlc_gkp_n_17_15.jld2,ldlc,17,1.557180,1.563055,1.652672,0.2200,8.769481e-01,5.010111e-03,9.141661e-02,4.395530e-03,4.878781e-04,3.093743e-02,2.768086e-02,3.279833e-02,0.8,4299
SC_3x5,hexagonal,15,1.316074,1.699044,1.699044,0.2200,6.716250e-01,5.250534e-03,1.563750e-01,4.060817e-03,2.836306e-03,1.180000e-01,1.362500e-02,2.475000e-02,189.1,8000
SC_4x4,hexagonal,16,1.519671,1.519671,1.519671,0.2200,6.836950e-01,5.708619e-03,1.375829e-01,4.228513e-03,8.291252e-04,6.042797e-02,1.763110e-02,5.952381e-02,110.6,6636
SC_5x5,hexagonal,25,1.699044,1.699044,1.699044,0.2200,6.175772e-01,5.744497e-03,1.110801e-01,3.714359e-03,1.690643e-04,5.197709e-02,1.131759e-02,4.778538e-02,2.9,7157
reduced_ldlc_gkp_n_15_5.jld2,ldlc,15,1.508935,1.526685,1.577227,0.2300,7.702339e-01,3.922372e-03,1.709989e-01,3.510497e-03,1.340169e-03,5.589846e-02,5.520299e-02,5.989742e-02,10.2,11503
reduced_ldlc_gkp_n_16_8.jld2,ldlc,16,1.533329,1.535789,1.541814,0.2300,7.763222e-01,6.490505e-03,1.705483e-01,5.858214e-03,1.259634e-03,5.676856e-02,5.822416e-02,5.555556e-02,2.6,4122
reduced_ldlc_gkp_n_17_15.jld2,ldlc,17,1.557180,1.563055,1.652672,0.2300,7.712137e-01,1.376663e-02,1.686359e-01,1.227145e-02,8.749272e-04,5.048335e-02,4.833512e-02,6.981740e-02,0.4,931
SC_3x5,hexagonal,15,1.316074,1.699044,1.699044,0.2300,5.890000e-01,5.500898e-03,2.086250e-01,4.542860e-03,4.333227e-03,1.476250e-01,2.100000e-02,4.000000e-02,155.2,8000
SC_4x4,hexagonal,16,1.519671,1.519671,1.519671,0.2300,5.864542e-01,6.950675e-03,1.980080e-01,5.624378e-03,1.431608e-03,9.223108e-02,2.529880e-02,8.047809e-02,83.7,5020
SC_5x5,hexagonal,25,1.699044,1.699044,1.699044,0.2300,5.087108e-01,8.897475e-03,1.910041e-01,6.996120e-03,3.316856e-04,8.837504e-02,2.280646e-02,7.982262e-02,1.6,3157
reduced_ldlc_gkp_n_15_5.jld2,ldlc,15,1.508935,1.526685,1.577227,0.2400,6.614532e-01,4.931736e-03,2.480721e-01,4.501093e-03,2.177053e-03,8.319757e-02,8.113392e-02,8.374063e-02,9.5,9207
reduced_ldlc_gkp_n_16_8.jld2,ldlc,16,1.533329,1.535789,1.541814,0.2400,6.571840e-01,9.007123e-03,2.495499e-01,8.212051e-03,2.059860e-03,9.146561e-02,7.562117e-02,8.246309e-02,2.2,2777
reduced_ldlc_gkp_n_17_15.jld2,ldlc,17,1.557180,1.563055,1.652672,0.2400,6.627667e-01,1.240260e-02,2.580867e-01,1.147960e-02,1.465702e-03,8.327598e-02,8.740537e-02,8.740537e-02,0.5,1453
SC_3x5,hexagonal,15,1.316074,1.699044,1.699044,0.2400,4.811815e-01,5.452880e-03,2.812053e-01,4.906570e-03,6.310275e-03,1.884231e-01,3.394474e-02,5.883754e-02,139.9,8396
SC_4x4,hexagonal,16,1.519671,1.519671,1.519671,0.2400,4.917380e-01,7.053897e-03,2.697591e-01,6.262382e-03,2.318405e-03,1.212423e-01,3.683058e-02,1.116862e-01,83.7,5023
SC_5x5,hexagonal,25,1.699044,1.699044,1.699044,0.2400,3.635724e-01,1.275617e-02,2.573840e-01,1.159373e-02,6.009290e-04,1.082982e-01,4.992968e-02,9.915612e-02,1.2,1422
reduced_ldlc_gkp_n_15_5.jld2,ldlc,15,1.508935,1.526685,1.577227,0.2500,5.460535e-01,5.658762e-03,3.389743e-01,5.380146e-03,3.349571e-03,1.169100e-01,1.122594e-01,1.098049e-01,8.8,7741
reduced_ldlc_gkp_n_16_8.jld2,ldlc,16,1.533329,1.535789,1.541814,0.2500,5.467836e-01,1.017416e-02,3.437761e-01,9.707375e-03,3.187129e-03,1.161236e-01,1.060986e-01,1.215539e-01,1.8,2394
reduced_ldlc_gkp_n_17_15.jld2,ldlc,17,1.557180,1.563055,1.652672,0.2500,5.169082e-01,3.473253e-02,3.429952e-01,3.299462e-02,2.317747e-03,1.449275e-01,1.256039e-01,7.246377e-02,0.4,207
SC_3x5,hexagonal,15,1.316074,1.699044,1.699044,0.2500,3.801300e-01,6.347646e-03,3.527702e-01,6.248439e-03,8.823981e-03,2.224692e-01,5.095759e-02,7.934337e-02,97.4,5848
SC_4x4,hexagonal,16,1.519671,1.519671,1.519671,0.2500,3.688829e-01,8.864075e-03,3.435707e-01,8.724413e-03,3.556424e-03,1.376983e-01,5.906176e-02,1.468107e-01,49.4,2963
SC_5x5,hexagonal,25,1.699044,1.699044,1.699044,0.2500,2.555762e-01,1.329732e-02,3.503717e-01,1.454423e-02,1.017877e-03,1.431227e-01,5.669145e-02,1.505576e-01,1.0,1076
reduced_ldlc_gkp_n_15_5.jld2,ldlc,15,1.508935,1.526685,1.577227,0.2600,4.181969e-01,5.795877e-03,4.451194e-01,5.839542e-03,4.920433e-03,1.489714e-01,1.469005e-01,1.492475e-01,7.8,7243
reduced_ldlc_gkp_n_16_8.jld2,ldlc,16,1.533329,1.535789,1.541814,0.2600,4.115128e-01,1.073356e-02,4.448145e-01,1.083907e-02,4.704318e-03,1.417697e-01,1.674596e-01,1.355852e-01,1.7,2102
reduced_ldlc_gkp_n_17_15.jld2,ldlc,17,1.557180,1.563055,1.652672,0.2600,4.057143e-01,3.711836e-02,4.057143e-01,3.711836e-02,3.489186e-03,1.600000e-01,1.142857e-01,1.314286e-01,0.3,175
SC_3x5,hexagonal,15,1.316074,1.699044,1.699044,0.2600,2.960603e-01,6.344199e-03,4.156045e-01,6.848769e-03,1.191937e-02,2.526072e-01,7.242178e-02,9.057551e-02,86.3,5178
SC_4x4,hexagonal,16,1.519671,1.519671,1.519671,0.2600,2.975391e-01,8.827825e-03,4.090231e-01,9.493575e-03,5.209425e-03,1.621924e-01,8.724832e-02,1.595824e-01,44.7,2682
SC_5x5,hexagonal,25,1.699044,1.699044,1.699044,0.2600,1.555556e-01,1.350710e-02,4.750000e-01,1.861059e-02,1.628145e-03,1.694444e-01,7.916667e-02,2.263889e-01,0.6,720
reduced_ldlc_gkp_n_15_5.jld2,ldlc,15,1.508935,1.526685,1.577227,0.2700,3.270274e-01,5.681074e-03,4.946473e-01,6.054590e-03,6.946548e-03,1.755389e-01,1.566212e-01,1.624872e-01,7.1,6819
reduced_ldlc_gkp_n_16_8.jld2,ldlc,16,1.533329,1.535789,1.541814,0.2700,3.054775e-01,1.220612e-02,4.971910e-01,1.324976e-02,6.668866e-03,1.629213e-01,1.748596e-01,1.594101e-01,1.6,1424
reduced_ldlc_gkp_n_17_15.jld2,ldlc,17,1.557180,1.563055,1.652672,0.2700,2.894737e-01,3.678518e-02,5.460526e-01,4.038297e-02,5.035578e-03,2.039474e-01,1.447368e-01,1.973684e-01,0.3,152
SC_3x5,hexagonal,15,1.316074,1.699044,1.699044,0.2700,2.165303e-01,6.042698e-03,4.937581e-01,7.334940e-03,1.562908e-02,2.795954e-01,9.233749e-02,1.218252e-01,77.4,4646
SC_4x4,hexagonal,16,1.519671,1.519671,1.519671,0.2700,2.195756e-01,8.614805e-03,4.850585e-01,1.040074e-02,7.334677e-03,1.987874e-01,1.108705e-01,1.754006e-01,38.5,2309
SC_5x5,hexagonal,25,1.699044,1.699044,1.699044,0.2700,1.174743e-01,1.233848e-02,5.242291e-01,1.913753e-02,2.479591e-03,2.290749e-01,9.838473e-02,1.967695e-01,0.6,681
reduced_ldlc_gkp_n_15_5.jld2,ldlc,15,1.508935,1.526685,1.577227,0.2800,2.444582e-01,5.350792e-03,5.617734e-01,6.177552e-03,9.476536e-03,1.905131e-01,1.805922e-01,1.906681e-01,7.1,6451
reduced_ldlc_gkp_n_16_8.jld2,ldlc,16,1.533329,1.535789,1.541814,0.2800,2.133028e-01,1.132656e-02,5.963303e-01,1.356603e-02,9.130198e-03,1.918960e-01,1.995413e-01,2.048930e-01,1.3,1308
reduced_ldlc_gkp_n_17_15.jld2,ldlc,17,1.557180,1.563055,1.652672,0.2800,1.632653e-01,3.048472e-02,5.646259e-01,4.089338e-02,7.007260e-03,2.585034e-01,1.428571e-01,1.632653e-01,0.3,147
SC_3x5,hexagonal,15,1.316074,1.699044,1.699044,0.2800,1.563755e-01,5.754390e-03,5.351406e-01,7.901965e-03,1.997339e-02,2.853916e-01,1.116968e-01,1.380522e-01,66.4,3984
SC_4x4,hexagonal,16,1.519671,1.519671,1.519671,0.2800,1.456511e-01,8.002728e-03,5.542975e-01,1.127607e-02,9.980492e-03,2.146166e-01,1.322697e-01,2.074112e-01,32.4,1943
SC_5x5,hexagonal,25,1.699044,1.699044,1.699044,0.2800,6.944444e-02,1.132334e-02,5.694444e-01,2.205591e-02,3.619926e-03,2.202381e-01,1.607143e-01,1.884921e-01,0.4,504
reduced_ldlc_gkp_n_15_5.jld2,ldlc,15,1.508935,1.526685,1.577227,0.2900,1.727774e-01,4.815300e-03,6.168073e-01,6.192301e-03,1.254911e-02,2.084685e-01,2.037638e-01,2.045750e-01,6.6,6164
reduced_ldlc_gkp_n_16_8.jld2,ldlc,16,1.533329,1.535789,1.541814,0.2900,1.393312e-01,9.771189e-03,6.433121e-01,1.351637e-02,1.212803e-02,2.030255e-01,2.117834e-01,2.285032e-01,1.3,1256
reduced_ldlc_gkp_n_17_15.jld2,ldlc,17,1.557180,1.563055,1.652672,0.2900,1.836735e-01,3.193718e-02,6.462585e-01,3.943551e-02,9.447333e-03,1.632653e-01,2.721088e-01,2.108844e-01,0.3,147
SC_3x5,hexagonal,15,1.316074,1.699044,1.699044,0.2900,1.200776e-01,5.413030e-03,5.712701e-01,8.241377e-03,2.496082e-02,2.806434e-01,1.331115e-01,1.575153e-01,60.1,3606
SC_4x4,hexagonal,16,1.519671,1.519671,1.519671,0.2900,9.890110e-02,7.179419e-03,6.153846e-01,1.170009e-02,1.318471e-02,2.319260e-01,1.492192e-01,2.342394e-01,28.8,1729
SC_5x5,hexagonal,25,1.699044,1.699044,1.699044,0.2900,2.398082e-02,7.491920e-03,6.402878e-01,2.350159e-02,5.094475e-03,2.398082e-01,1.558753e-01,2.446043e-01,0.4,417
reduced_ldlc_gkp_n_15_5.jld2,ldlc,15,1.508935,1.526685,1.577227,0.3000,1.173418e-01,4.163802e-03,6.694007e-01,6.086413e-03,1.619233e-02,2.249749e-01,2.149314e-01,2.294945e-01,6.4,5974
reduced_ldlc_gkp_n_16_8.jld2,ldlc,16,1.533329,1.535789,1.541814,0.3000,9.983633e-02,8.575697e-03,6.603928e-01,1.354734e-02,1.569154e-02,2.160393e-01,2.176759e-01,2.266776e-01,1.4,1222
reduced_ldlc_gkp_n_17_15.jld2,ldlc,17,1.557180,1.563055,1.652672,0.3000,1.438849e-01,2.976914e-02,6.043165e-01,4.147618e-02,1.239036e-02,2.086331e-01,1.798561e-01,2.158273e-01,0.3,139
SC_3x5,hexagonal,15,1.316074,1.699044,1.699044,0.3000,7.701149e-02,4.519457e-03,6.301724e-01,8.183512e-03,3.058926e-02,2.879310e-01,1.712644e-01,1.709770e-01,58.0,3480
SC_4x4,hexagonal,16,1.519671,1.519671,1.519671,0.3000,6.938527e-02,6.269022e-03,6.250761e-01,1.194316e-02,1.697402e-02,2.057212e-01,1.813755e-01,2.379793e-01,27.4,1643
SC_5x5,hexagonal,25,1.699044,1.699044,1.699044,0.3000,2.590674e-02,8.085613e-03,6.632124e-01,2.405530e-02,6.944313e-03,2.357513e-01,1.658031e-01,2.616580e-01,0.3,386
reduced_ldlc_gkp_n_15_5.jld2,ldlc,15,1.508935,1.526685,1.577227,0.1900,9.879305e-01,5.785197e-04,9.346844e-03,5.098045e-04,8.818747e-05,3.340163e-03,2.750723e-03,3.255958e-03,23.8,35627
reduced_ldlc_gkp_n_16_8.jld2,ldlc,16,1.533329,1.535789,1.541814,0.1900,9.882234e-01,8.319840e-04,8.624279e-03,7.131123e-04,7.939499e-05,2.200678e-03,3.092845e-03,3.330756e-03,5.9,16813
reduced_ldlc_gkp_n_17_15.jld2,ldlc,17,1.557180,1.563055,1.652672,0.1900,9.904041e-01,5.321866e-04,7.420432e-03,4.685028e-04,4.853584e-05,2.890690e-03,2.205269e-03,2.324473e-03,1.2,33556
SC_3x5,hexagonal,15,1.316074,1.699044,1.699044,0.1900,9.092881e-01,1.221095e-03,3.342492e-02,7.642224e-04,5.373784e-04,2.964677e-02,8.315557e-04,2.946600e-03,461.0,55318
SC_4x4,hexagonal,16,1.519671,1.519671,1.519671,0.1900,9.166230e-01,1.415337e-03,2.102118e-02,7.344403e-04,9.536155e-05,1.035332e-02,9.960159e-04,9.671839e-03,317.9,38152
SC_5x5,hexagonal,25,1.699044,1.699044,1.699044,0.1900,9.009878e-01,1.851719e-03,1.145405e-02,6.597043e-04,1.166898e-05,5.573279e-03,4.228005e-04,5.457970e-03,12.4,26017
reduced_ldlc_gkp_n_15_5.jld2,ldlc,15,1.508935,1.526685,1.577227,0.1800,9.962785e-01,2.945825e-04,2.644822e-03,2.484746e-04,3.361501e-05,8.894090e-04,6.553540e-04,1.100059e-03,30.4,42725
reduced_ldlc_gkp_n_16_8.jld2,ldlc,16,1.533329,1.535789,1.541814,0.1800,9.962234e-01,4.442299e-04,2.727511e-03,3.777216e-04,2.973875e-05,7.343299e-04,1.206399e-03,7.867821e-04,7.6,19065
reduced_ldlc_gkp_n_17_15.jld2,ldlc,17,1.557180,1.563055,1.652672,0.1800,9.979068e-01,2.481523e-04,1.562500e-03,2.144581e-04,1.742691e-05,5.306604e-04,5.011792e-04,5.306604e-04,1.8,33920
SC_3x5,hexagonal,15,1.316074,1.699044,1.699044,0.1800,9.470167e-01,9.144771e-04,1.706667e-02,5.287626e-04,2.576018e-04,1.581667e-02,1.833333e-04,1.066667e-03,647.7,60000
SC_4x4,hexagonal,16,1.519671,1.519671,1.519671,0.1800,9.551416e-01,8.564994e-04,8.646372e-03,3.830915e-04,3.643310e-05,4.348868e-03,3.253090e-04,3.972195e-03,486.7,58406
SC_5x5,hexagonal,25,1.699044,1.699044,1.699044,0.1800,9.446091e-01,1.166200e-03,4.080890e-03,3.250252e-04,3.545202e-06,1.949470e-03,7.797879e-05,2.053441e-03,22.4,38472
